<Ui xmlns="http://www.blizzard.com/wow/ui/">
	<Script file="elements\auras.lua"/>
	<Script file="elements\minmax.lua"/>
	<Script file="elements\cooldown.lua"/>
	<Script file="elements\castbar.lua"/>
	<Script file="elements\colour.lua"/>
	<Script file="elements\portraits.lua"/>
	<Script file="elements\trinkets.lua"/>
	
	<Script file="player.lua"/>
	<Script file="target.lua"/>
	<Script file="focus.lua"/>
	<Script file="targettarget.lua"/>
	<Script file="party.lua"/>
	<Script file="arena.lua"/>
	<Script file="partytarget.lua"/>
	<Script file="main.lua"/>
	<Script file="init.lua"/>
</Ui>