<Ui xmlns="http://www.blizzard.com/wow/ui/" xmlns:xsi="http://www.w3.org/2001/XMLSchema-instance" xsi:schemaLocation="http://www.blizzard.com/wow/ui/..\FrameXML\UI.xsd">
	<Script file="Libs\LibStub\LibStub.lua"/>
	<Include file="Libs\CallbackHandler-1.0\CallbackHandler-1.0.xml" />
	
	<Include file="Libs\AceLocale-3.0\AceLocale-3.0.xml" />
	<Include file="Libs\AceAddon-3.0\AceAddon-3.0.xml" />
	<Include file="Libs\AceComm-3.0\AceComm-3.0.xml" />
	<Include file="Libs\AceSerializer-3.0\AceSerializer-3.0.xml" />
	<Include file="Libs\AceTimer-3.0\AceTimer-3.0.xml" />
	<Include file="Libs\LibSharedMedia-3.0\lib.xml"/>
	<Script file="Libs\LibGraph-2.0\LibGraph-2.0.lua"/>
	<Include file="Libs\HoT_Tools\HoT_Tools.xml"/>
</Ui>
